-- phpMyAdmin SQL Dump
-- version 3.4.7
-- http://www.phpmyadmin.net
--
-- Хост: localhost
-- Время создания: Дек 13 2011 г., 17:02
-- Версия сервера: 5.0.51
-- Версия PHP: 5.2.17-0.dotdeb.0

SET SQL_MODE="NO_AUTO_VALUE_ON_ZERO";
SET time_zone = "+00:00";


/*!40101 SET @OLD_CHARACTER_SET_CLIENT=@@CHARACTER_SET_CLIENT */;
/*!40101 SET @OLD_CHARACTER_SET_RESULTS=@@CHARACTER_SET_RESULTS */;
/*!40101 SET @OLD_COLLATION_CONNECTION=@@COLLATION_CONNECTION */;
/*!40101 SET NAMES utf8 */;

--
-- База данных: `crmadmin`
--

-- --------------------------------------------------------

--
-- Структура таблицы `clients`
--

CREATE TABLE IF NOT EXISTS `clients` (
  `id` int(10) unsigned NOT NULL auto_increment,
  `name` varchar(255) NOT NULL,
  PRIMARY KEY  (`id`)
) ENGINE=MyISAM  DEFAULT CHARSET=utf8 AUTO_INCREMENT=12 ;

--
-- Дамп данных таблицы `clients`
--

INSERT INTO `clients` (`id`, `name`) VALUES
(1, 'Александр'),
(2, 'Сладково'),
(3, 'Продлили'),
(4, 'Продлили'),
(5, 'Продлили'),
(6, 'Продлили'),
(7, 'Продлили'),
(8, 'Харитонов М.Ю.'),
(9, 'Харитонов М.Ю.'),
(10, 'Ваня'),
(11, 'Грузнов А.П.');

-- --------------------------------------------------------

--
-- Структура таблицы `client_hotel`
--

CREATE TABLE IF NOT EXISTS `client_hotel` (
  `id` int(10) unsigned NOT NULL auto_increment,
  `id_client` int(11) NOT NULL,
  `id_order` int(11) NOT NULL,
  `date_stay_begin` datetime NOT NULL,
  `date_stay_finish` datetime NOT NULL,
  `status` int(11) NOT NULL,
  PRIMARY KEY  (`id`)
) ENGINE=MyISAM  DEFAULT CHARSET=utf8 AUTO_INCREMENT=9 ;

--
-- Дамп данных таблицы `client_hotel`
--

INSERT INTO `client_hotel` (`id`, `id_client`, `id_order`, `date_stay_begin`, `date_stay_finish`, `status`) VALUES
(1, 1, 5, '2011-12-07 12:26:00', '2011-12-08 14:00:00', 0),
(2, 2, 10, '2011-12-07 12:32:00', '2011-12-08 14:00:00', 0),
(3, 3, 15, '2011-12-08 12:40:00', '2011-12-10 14:00:00', 0),
(4, 4, 20, '2011-12-08 14:00:00', '2011-12-09 14:00:00', 0),
(5, 5, 23, '2011-12-08 14:00:00', '2011-12-10 14:00:00', 0),
(6, 6, 24, '2011-12-08 12:48:00', '2011-12-09 14:00:00', 0),
(7, 7, 25, '2011-12-08 12:48:00', '2011-12-09 14:00:00', 0);

-- --------------------------------------------------------

--
-- Структура таблицы `hotels`
--

CREATE TABLE IF NOT EXISTS `hotels` (
  `id` int(10) unsigned NOT NULL auto_increment,
  `name` varchar(255) NOT NULL,
  `id_cat` int(11) NOT NULL,
  `cost` int(11) NOT NULL,
  `default_type` int(2) NOT NULL,
  PRIMARY KEY  (`id`)
) ENGINE=MyISAM  DEFAULT CHARSET=utf8 AUTO_INCREMENT=43 ;

--
-- Дамп данных таблицы `hotels`
--

INSERT INTO `hotels` (`id`, `name`, `id_cat`, `cost`, `default_type`) VALUES
(1, 'М.Горького 59-10', 1, 1500, 0),
(2, 'М.Горького 59-97', 1, 1500, 0),
(3, 'М.Горького 59-130', 1, 1500, 0),
(4, 'Холодильная 116-13', 1, 1500, 0),
(5, 'Холодильная 116-130', 1, 1500, 0),
(6, 'Холодильная 84-261', 1, 1800, 0),
(7, 'Мельничная 26-39', 1, 2000, 0),
(8, 'Мельничная 26-58', 1, 2000, 0),
(9, 'Энергетиков16-39', 1, 2000, 0),
(10, 'Энергетиков16-88', 1, 2000, 0),
(11, 'Энергетиков16-115', 1, 2000, 0),
(12, 'Холодильная 116-104', 1, 2000, 0),
(13, 'Фабричная 20-55', 1, 2500, 0),
(14, 'Энергетиков16-119', 1, 2500, 0),
(15, 'Энергетиков16-120', 1, 2500, 0),
(16, 'Минская 71/2-4', 1, 2500, 0),
(17, 'Минская 71/2-5', 1, 2500, 0),
(18, 'Минская 71/2-28', 1, 2500, 0),
(19, 'Механическая 31-23', 2, 2000, 0),
(20, 'Механическая 31-34', 2, 2000, 0),
(21, 'Механическая 31-21', 2, 2500, 0),
(22, 'Механическая 33-50', 2, 2500, 0),
(23, 'М.Горького 59-68', 2, 2000, 0),
(24, 'Фабричная 6-37', 2, 2000, 0),
(25, 'Холодильная 84-130', 2, 2500, 0),
(26, 'Мельничная 26-28', 2, 2500, 0),
(27, 'Механическая 27-189', 3, 3000, 0),
(28, 'Рижская 47-64', 1, 1500, 1),
(29, '50 Лет 80-49', 1, 1500, 1),
(30, 'Энергетиков45а-130', 1, 1500, 1),
(31, 'Севастопольская 4-106', 1, 1500, 1),
(32, '50 Лет 80-10', 1, 1500, 1),
(33, '50 Лет 80-10', 1, 1500, 1),
(34, '50 Лет 80-10', 2, 2000, 1),
(35, '50 Лет 80/1-128', 2, 2000, 1),
(36, 'Энергетиков 51а-46', 2, 2000, 1),
(37, 'Севастопольская 4а-28', 2, 2000, 1),
(38, 'Энергетиков 45а-17', 2, 2000, 1),
(39, 'Энергетиков 53/1-10', 2, 2000, 1),
(40, 'Энергетиков 53/1-11', 2, 2000, 1),
(41, 'Энергетиков 45а-235', 2, 2000, 1),
(42, 'Энергетиков 45а-235', 2, 2000, 1);

-- --------------------------------------------------------

--
-- Структура таблицы `hotel_order`
--

CREATE TABLE IF NOT EXISTS `hotel_order` (
  `id` int(10) unsigned NOT NULL auto_increment,
  `id_hotel` int(10) unsigned NOT NULL,
  `status` tinyint(4) NOT NULL,
  `date_stay_begin` datetime NOT NULL,
  `date_stay_finish` datetime NOT NULL,
  `price_per_day` int(10) unsigned NOT NULL,
  `places` int(10) unsigned NOT NULL,
  `id_invite` int(11) NOT NULL,
  `create_time` int(11) NOT NULL,
  PRIMARY KEY  (`id`)
) ENGINE=MyISAM  DEFAULT CHARSET=utf8 AUTO_INCREMENT=98 ;

--
-- Дамп данных таблицы `hotel_order`
--

INSERT INTO `hotel_order` (`id`, `id_hotel`, `status`, `date_stay_begin`, `date_stay_finish`, `price_per_day`, `places`, `id_invite`, `create_time`) VALUES
(1, 10, 0, '2011-12-07 12:23:00', '2011-12-08 14:00:00', 2000, 1, 1, 1323662037),
(2, 7, 0, '2011-12-07 12:23:00', '2011-12-08 14:00:00', 2000, 1, 1, 1323662037),
(3, 11, 0, '2011-12-07 12:24:00', '2011-12-08 14:00:00', 2000, 1, 1, 1323662037),
(4, 8, 0, '2011-12-07 12:25:00', '2011-12-09 14:00:00', 2000, 1, 0, 1323662037),
(5, 2, 0, '2011-12-07 12:26:00', '2011-12-08 14:00:00', 1500, 1, 0, 1323662037),
(6, 12, 0, '2011-12-07 12:27:00', '2011-12-08 14:00:00', 2000, 1, 0, 1323662037),
(7, 16, 0, '2011-12-07 12:28:00', '2011-12-11 14:00:00', 2500, 1, 1, 1323662037),
(8, 24, 0, '2011-12-07 12:30:00', '2011-12-17 14:00:00', 1900, 1, 0, 1323662037),
(9, 3, 0, '2011-12-07 12:31:00', '2011-12-08 14:00:00', 1500, 1, 0, 1323662037),
(10, 14, 0, '2011-12-07 12:32:00', '2011-12-08 14:00:00', 3000, 1, 3, 1323662037),
(11, 23, 0, '2011-12-07 12:33:00', '2011-12-08 14:00:00', 2000, 1, 0, 1323662037),
(12, 21, 0, '2011-12-07 12:34:00', '2011-12-08 14:00:00', 2500, 1, 2, 1323662037),
(13, 20, 0, '2011-12-08 12:36:00', '2011-12-28 14:00:00', 1900, 1, 0, 1323662037),
(14, 6, 0, '2011-12-08 12:37:00', '2011-12-10 14:00:00', 1500, 1, 2, 1323662037),
(15, 4, 0, '2011-12-08 12:40:00', '2011-12-10 14:00:00', 1500, 1, 0, 1323662037),
(16, 3, 0, '2011-12-08 18:00:00', '2011-12-09 14:00:00', 1500, 1, 0, 1323662037),
(17, 10, 0, '2011-12-08 14:00:00', '2011-12-12 14:00:00', 2000, 1, 1, 1323662037),
(18, 14, 0, '2011-12-08 14:00:00', '2011-12-09 14:00:00', 2500, 1, 1, 1323662037),
(19, 2, 0, '2011-12-08 14:00:00', '2011-12-09 14:00:00', 1500, 1, 0, 1323662037),
(20, 12, 0, '2011-12-08 14:00:00', '2011-12-09 14:00:00', 2000, 1, 0, 1323662037),
(21, 9, 0, '2011-12-08 12:45:00', '2011-12-09 14:00:00', 2000, 1, 1, 1323662037),
(22, 11, 0, '2011-12-08 14:00:00', '2011-12-09 14:00:00', 2000, 1, 1, 1323662037),
(23, 23, 0, '2011-12-08 14:00:00', '2011-12-10 14:00:00', 2000, 1, 0, 1323662037),
(24, 17, 0, '2011-12-08 12:48:00', '2011-12-09 14:00:00', 2500, 1, 1, 1323662037),
(25, 18, 0, '2011-12-08 12:48:00', '2011-12-09 14:00:00', 2500, 1, 1, 1323662037),
(26, 18, 0, '2011-12-09 14:00:00', '2011-12-11 14:00:00', 2500, 1, 1, 1323662037),
(27, 1, 0, '2011-12-09 12:50:00', '2011-12-10 14:00:00', 1500, 1, 0, 1323662037),
(28, 26, 0, '2011-12-09 12:52:00', '2011-12-11 14:00:00', 2500, 1, 0, 1323662037),
(29, 17, 0, '2011-12-09 14:00:00', '2011-12-10 14:00:00', 2500, 1, 1, 1323662037),
(30, 2, 0, '2011-12-09 14:00:00', '2011-12-10 14:00:00', 1500, 1, 0, 1323662037),
(31, 11, 0, '2011-12-09 14:00:00', '2011-12-10 14:00:00', 2000, 1, 1, 1323662037),
(32, 14, 0, '2011-12-09 14:00:00', '2011-12-10 14:00:00', 2500, 1, 1, 1323662037),
(33, 9, 0, '2011-12-09 14:00:00', '2011-12-10 14:00:00', 2000, 1, 1, 1323662037),
(34, 12, 0, '2011-12-09 14:00:00', '2011-12-10 14:00:00', 2000, 1, 0, 1323662037),
(35, 13, 0, '2011-12-09 12:56:00', '2011-12-11 14:00:00', 2500, 1, 0, 1323662037),
(36, 19, 0, '2011-12-09 12:56:00', '2011-12-10 14:00:00', 2000, 1, 0, 1323662037),
(37, 6, 0, '2011-12-10 14:00:00', '2011-12-13 14:00:00', 2000, 1, 0, 1323662037),
(38, 22, 0, '2011-12-09 13:03:00', '2011-12-10 14:00:00', 2500, 1, 0, 1323662037),
(39, 25, 0, '2011-12-09 13:03:00', '2011-12-10 14:00:00', 2500, 1, 2, 1323662037),
(40, 25, 0, '2011-12-11 21:00:00', '2011-12-14 14:00:00', 2500, 1, 3, 1323662037),
(41, 12, 0, '2011-12-10 14:00:00', '2011-12-11 14:00:00', 2000, 1, 0, 1323662037),
(42, 4, 0, '2011-12-10 14:00:00', '2011-12-11 14:00:00', 1500, 1, 0, 1323662037),
(43, 5, 0, '2011-12-10 14:22:00', '2011-12-12 14:00:00', 1500, 1, 0, 1323662037),
(44, 14, 0, '2011-12-10 14:00:00', '2011-12-11 14:00:00', 2500, 1, 1, 1323662037),
(45, 22, 0, '2011-12-10 14:00:00', '2011-12-11 14:00:00', 2500, 1, 0, 1323662037),
(46, 2, 0, '2011-12-10 14:00:00', '2011-12-11 14:00:00', 1500, 1, 0, 1323662037),
(47, 1, 0, '2011-12-10 14:00:00', '2011-12-11 14:00:00', 1500, 1, 0, 1323662037),
(48, 9, 0, '2011-12-10 14:00:00', '2011-12-11 14:00:00', 2000, 1, 1, 1323662037),
(49, 15, 0, '2011-12-10 15:50:00', '2011-12-13 14:00:00', 2500, 1, 1, 1323662037),
(50, 19, 0, '2011-12-10 14:00:00', '2011-12-11 14:00:00', 2000, 1, 0, 1323662037),
(51, 11, 0, '2011-12-10 14:00:00', '2011-12-11 14:00:00', 2000, 1, 1, 1323662037),
(52, 3, 0, '2011-12-09 14:00:00', '2011-12-11 14:00:00', 1500, 1, 0, 1323662037),
(53, 8, 0, '2011-12-09 14:00:00', '2011-12-11 14:00:00', 2000, 1, 0, 1323662037),
(54, 17, 0, '2011-12-10 14:00:00', '2011-12-11 14:00:00', 2500, 1, 2, 1323662037),
(55, 1, 0, '2011-12-11 14:00:00', '2011-12-12 14:00:00', 1500, 1, 4, 1323662037),
(56, 23, 0, '2011-12-10 14:00:00', '2011-12-11 14:00:00', 2000, 1, 0, 1323662037),
(57, 21, 0, '2011-12-10 21:24:00', '2011-12-12 14:00:00', 2500, 1, 0, 1323662037),
(58, 18, 0, '2011-12-11 14:00:00', '2011-12-12 14:00:00', 2500, 1, 1, 1323662037),
(59, 3, 0, '2011-12-11 14:00:00', '2011-12-13 14:00:00', 1500, 1, 0, 1323662037),
(60, 2, 0, '2011-12-11 14:00:00', '2011-12-12 14:00:00', 1500, 1, 0, 1323662037),
(61, 16, 0, '2011-12-11 14:00:00', '2011-12-13 14:00:00', 5000, 1, 1, 1323662037),
(62, 8, 0, '2011-12-11 14:00:00', '2011-12-13 14:00:00', 2000, 1, 0, 1323662037),
(63, 14, 0, '2011-12-11 14:00:00', '2011-12-12 14:00:00', 2500, 1, 1, 1323662037),
(64, 4, 0, '2011-12-11 14:00:00', '2011-12-13 14:00:00', 1500, 1, 0, 1323662037),
(65, 19, 0, '2011-12-11 14:00:00', '2011-12-12 14:00:00', 2000, 1, 0, 1323662037),
(69, 2, 1, '2011-12-17 14:00:00', '2011-12-18 14:00:00', 0, 1, 0, 1323662201),
(70, 22, 0, '2011-12-11 14:00:00', '2011-12-12 14:00:00', 2500, 1, 0, 1323663886),
(71, 13, 0, '2011-12-11 14:00:00', '2011-12-12 14:00:00', 2500, 1, 0, 1323663947),
(72, 11, 0, '2011-12-12 19:26:00', '2011-12-13 14:00:00', 2000, 1, 1, 1323696405),
(73, 13, 0, '2011-12-12 14:00:00', '2011-12-13 14:00:00', 2500, 1, 0, 1323696435),
(74, 12, 0, '2011-12-12 19:27:00', '2011-12-14 14:00:00', 2000, 1, 0, 1323696465),
(75, 10, 0, '2011-12-12 14:00:00', '2011-12-15 14:00:00', 2000, 1, 0, 1323696507),
(76, 22, 0, '2011-12-12 14:00:00', '2011-12-13 14:00:00', 2500, 1, 0, 1323696547),
(77, 19, 0, '2011-12-12 14:00:00', '2011-12-14 14:00:00', 2000, 1, 0, 1323696593),
(78, 7, 0, '2011-12-12 21:12:00', '2011-12-13 14:00:00', 2000, 1, 0, 1323702807),
(79, 1, 0, '2011-12-12 14:00:00', '2011-12-14 14:00:00', 1500, 1, 0, 1323754089),
(80, 5, 0, '2011-12-12 14:00:00', '2011-12-23 14:00:00', 1500, 1, 0, 1323754121),
(81, 2, 0, '2011-12-12 14:00:00', '2011-12-13 14:00:00', 1500, 1, 0, 1323754168),
(82, 14, 0, '2011-12-12 14:00:00', '2011-12-13 14:00:00', 2500, 1, 0, 1323754210),
(83, 21, 0, '2011-12-12 14:00:00', '2011-12-14 14:00:00', 2500, 1, 0, 1323754274),
(84, 16, 0, '2011-12-13 14:00:00', '2011-12-15 14:00:00', 2500, 1, 1, 1323764324),
(85, 4, 0, '2012-01-03 14:20:00', '2012-01-04 14:00:00', 1500, 1, 0, 1323764443),
(86, 5, 0, '2012-01-03 14:21:00', '2012-01-05 14:00:00', 1500, 1, 0, 1323764475),
(87, 20, 0, '2012-01-03 14:21:00', '2012-01-04 14:00:00', 2000, 1, 0, 1323764506),
(88, 19, 0, '2012-01-04 14:21:00', '2012-01-05 14:00:00', 2000, 1, 0, 1323764518),
(89, 19, 0, '2012-01-03 14:22:00', '2012-01-04 14:00:00', 2000, 1, 0, 1323764543),
(90, 30, 0, '2012-01-03 14:22:00', '2012-01-04 14:00:00', 1500, 1, 0, 1323764578),
(91, 41, 0, '2012-01-03 14:24:00', '2012-01-04 14:00:00', 2000, 1, 0, 1323764665),
(92, 39, 0, '2012-01-03 14:24:00', '2012-01-04 14:00:00', 2000, 1, 0, 1323764681),
(93, 35, 0, '2012-01-03 14:25:00', '2012-01-04 14:00:00', 2000, 1, 0, 1323764716),
(94, 4, 0, '2011-12-13 14:00:00', '2011-12-16 14:00:00', 1500, 1, 0, 1323764813),
(95, 26, 0, '2011-12-11 14:00:00', '2011-12-17 14:00:00', 2500, 1, 0, 1323765963),
(96, 2, 0, '2011-12-13 14:00:00', '2011-12-14 14:00:00', 1500, 1, 0, 1323771612),
(97, 14, 0, '2011-12-13 14:00:00', '2011-12-14 14:00:00', 2500, 1, 0, 1323771633);

-- --------------------------------------------------------

--
-- Структура таблицы `phones`
--

CREATE TABLE IF NOT EXISTS `phones` (
  `id` int(10) unsigned NOT NULL auto_increment,
  `id_client` int(11) NOT NULL,
  `phone` varchar(40) NOT NULL,
  PRIMARY KEY  (`id`)
) ENGINE=MyISAM  DEFAULT CHARSET=utf8 AUTO_INCREMENT=2 ;

--
-- Дамп данных таблицы `phones`
--

INSERT INTO `phones` (`id`, `id_client`, `phone`) VALUES
(1, 1, '89224130051');

-- --------------------------------------------------------

--
-- Структура таблицы `tbl_profiles`
--

CREATE TABLE IF NOT EXISTS `tbl_profiles` (
  `user_id` int(11) NOT NULL,
  `lastname` varchar(50) NOT NULL default '',
  `firstname` varchar(50) NOT NULL default '',
  `birthday` date NOT NULL default '0000-00-00',
  PRIMARY KEY  (`user_id`)
) ENGINE=InnoDB DEFAULT CHARSET=utf8;

--
-- Дамп данных таблицы `tbl_profiles`
--

INSERT INTO `tbl_profiles` (`user_id`, `lastname`, `firstname`, `birthday`) VALUES
(1, 'Admin', 'Administrator', '0000-00-00'),
(2, 'Demo', 'Demo', '0000-00-00');

-- --------------------------------------------------------

--
-- Структура таблицы `tbl_profiles_fields`
--

CREATE TABLE IF NOT EXISTS `tbl_profiles_fields` (
  `id` int(10) NOT NULL auto_increment,
  `varname` varchar(50) NOT NULL,
  `title` varchar(255) NOT NULL,
  `field_type` varchar(50) NOT NULL,
  `field_size` int(3) NOT NULL default '0',
  `field_size_min` int(3) NOT NULL default '0',
  `required` int(1) NOT NULL default '0',
  `match` varchar(255) NOT NULL default '',
  `range` varchar(255) NOT NULL default '',
  `error_message` varchar(255) NOT NULL default '',
  `other_validator` varchar(5000) NOT NULL default '',
  `default` varchar(255) NOT NULL default '',
  `widget` varchar(255) NOT NULL default '',
  `widgetparams` varchar(5000) NOT NULL default '',
  `position` int(3) NOT NULL default '0',
  `visible` int(1) NOT NULL default '0',
  PRIMARY KEY  (`id`),
  KEY `varname` (`varname`,`widget`,`visible`)
) ENGINE=InnoDB  DEFAULT CHARSET=utf8 AUTO_INCREMENT=4 ;

--
-- Дамп данных таблицы `tbl_profiles_fields`
--

INSERT INTO `tbl_profiles_fields` (`id`, `varname`, `title`, `field_type`, `field_size`, `field_size_min`, `required`, `match`, `range`, `error_message`, `other_validator`, `default`, `widget`, `widgetparams`, `position`, `visible`) VALUES
(1, 'lastname', 'Last Name', 'VARCHAR', 50, 3, 1, '', '', 'Incorrect Last Name (length between 3 and 50 characters).', '', '', '', '', 1, 3),
(2, 'firstname', 'First Name', 'VARCHAR', 50, 3, 1, '', '', 'Incorrect First Name (length between 3 and 50 characters).', '', '', '', '', 0, 3),
(3, 'birthday', 'Birthday', 'DATE', 0, 0, 2, '', '', '', '', '0000-00-00', 'UWjuidate', '{"ui-theme":"redmond"}', 3, 2);

-- --------------------------------------------------------

--
-- Структура таблицы `tbl_users`
--

CREATE TABLE IF NOT EXISTS `tbl_users` (
  `id` int(11) NOT NULL auto_increment,
  `username` varchar(20) NOT NULL,
  `password` varchar(128) NOT NULL,
  `email` varchar(128) NOT NULL,
  `activkey` varchar(128) NOT NULL default '',
  `createtime` int(10) NOT NULL default '0',
  `lastvisit` int(10) NOT NULL default '0',
  `superuser` int(1) NOT NULL default '0',
  `status` int(1) NOT NULL default '0',
  PRIMARY KEY  (`id`),
  UNIQUE KEY `username` (`username`),
  UNIQUE KEY `email` (`email`),
  KEY `status` (`status`),
  KEY `superuser` (`superuser`)
) ENGINE=InnoDB  DEFAULT CHARSET=utf8 AUTO_INCREMENT=4 ;

--
-- Дамп данных таблицы `tbl_users`
--

INSERT INTO `tbl_users` (`id`, `username`, `password`, `email`, `activkey`, `createtime`, `lastvisit`, `superuser`, `status`) VALUES
(1, 'admin', '21232f297a57a5a743894a0e4a801fc3', 'webmaster@example.com', '9a24eff8c15a6a141ece27eb6947da0f', 1261146094, 1323781260, 1, 1),
(2, 'driver', 'e10adc3949ba59abbe56e057f20f883e', 'demo@example.com', '099f825543f7850cc038b90aaff39fac', 1261146096, 1323168854, 3, 1),
(3, 'office', 'e10adc3949ba59abbe56e057f20f883e', 'demo2@example.com', '099f825543f7850cc038b90aaff39fac', 1261146096, 1323168854, 5, 1);

-- --------------------------------------------------------

--
-- Структура таблицы `ticks`
--

CREATE TABLE IF NOT EXISTS `ticks` (
  `id` int(11) unsigned NOT NULL auto_increment,
  `id_clienthotel` int(11) NOT NULL,
  `date_period_begin` datetime NOT NULL,
  `date_period_finish` datetime NOT NULL,
  `status` int(2) NOT NULL,
  `finish_sum` int(11) NOT NULL,
  `note` text NOT NULL,
  `id_informer` int(4) NOT NULL,
  `sum_for_days` int(11) NOT NULL,
  `sum_for_doc` int(11) NOT NULL,
  `date_public` datetime NOT NULL,
  PRIMARY KEY  (`id`)
) ENGINE=MyISAM  DEFAULT CHARSET=utf8 AUTO_INCREMENT=8 ;

--
-- Дамп данных таблицы `ticks`
--

INSERT INTO `ticks` (`id`, `id_clienthotel`, `date_period_begin`, `date_period_finish`, `status`, `finish_sum`, `note`, `id_informer`, `sum_for_days`, `sum_for_doc`, `date_public`) VALUES
(1, 1, '2011-12-07 12:26:00', '2011-12-08 14:00:00', 1, 1500, '', 0, 1500, 0, '2011-12-10 12:27:00'),
(2, 2, '2011-12-07 12:32:00', '2011-12-08 14:00:00', 1, 3000, '', 0, 3000, 0, '2011-12-10 12:33:00'),
(3, 3, '2011-12-08 12:40:00', '2011-12-10 14:00:00', 1, 3000, '', 0, 3000, 0, '2011-12-10 12:41:00'),
(4, 4, '2011-12-08 14:00:00', '2011-12-09 14:00:00', 1, 2000, '', 0, 2000, 0, '2011-12-10 12:44:00'),
(5, 5, '2011-12-08 14:00:00', '2011-12-10 14:00:00', 1, 4000, '', 0, 4000, 0, '2011-12-10 12:47:00'),
(6, 6, '2011-12-08 12:48:00', '2011-12-09 14:00:00', 1, 2500, '', 0, 2500, 0, '2011-12-10 12:48:00'),
(7, 7, '2011-12-08 12:48:00', '2011-12-09 14:00:00', 1, 2500, '', 0, 2500, 0, '2011-12-10 12:49:00');

/*!40101 SET CHARACTER_SET_CLIENT=@OLD_CHARACTER_SET_CLIENT */;
/*!40101 SET CHARACTER_SET_RESULTS=@OLD_CHARACTER_SET_RESULTS */;
/*!40101 SET COLLATION_CONNECTION=@OLD_COLLATION_CONNECTION */;
